"FID_","FID_triang","SP_ID","x","length","Y","N","JT"
,1491,"1492",1492,323.215683,1,0,"BB"
,1491,"1492",1492,665.593914,1,1,"BW"
,1491,"1492",1492,409.291237,1,1,"BW"
,1510,"1511",1511,397.532447,0,1,"WW"
,1510,"1511",1511,295.455086,0,1,"WW"
,1510,"1511",1511,545.057096,0,1,"WW"
,1514,"1515",1515,289.332308,0,1,"WW"
,1514,"1515",1515,149.111567,0,1,"WW"
,1512,"1513",1513,118.685453,0,1,"WW"
,1507,"1508",1508,607.319275,0,1,"WW"
,1507,"1508",1508,886.564368,1,1,"BW"
,1519,"1520",1520,168.768159,0,1,"WW"
,1519,"1520",1520,87.943360,0,1,"WW"
,1525,"1526",1526,73.996705,0,1,"WW"
,1508,"1509",1509,743.549776,0,1,"WW"
,1508,"1509",1509,1306.801500,1,1,"BW"
,1526,"1527",1527,860.373790,0,1,"WW"
,1526,"1527",1527,818.420870,0,1,"WW"
,1529,"1530",1530,117.582321,0,1,"WW"
,1530,"1531",1531,27.835398,0,1,"WW"
,1530,"1531",1531,120.127962,0,1,"WW"
,1509,"1510",1510,1410.689515,0,1,"WW"
,1492,"1493",1493,2275.434729,1,1,"BW"
,1492,"1493",1493,2477.945168,1,1,"BW"
,1534,"1535",1535,982.076066,0,1,"WW"
,1534,"1535",1535,1056.693894,0,1,"WW"
,1537,"1538",1538,508.001857,0,1,"WW"
,1535,"1536",1536,763.071140,0,1,"WW"
,1536,"1537",1537,299.302906,0,1,"WW"
,1554,"1555",1555,12.360322,0,1,"WW"
,1561,"1562",1562,306.000134,0,1,"WW"
,1531,"1532",1532,697.648634,1,1,"BW"
,1531,"1532",1532,693.160363,1,1,"BW"
,1535,"1536",1536,555.477348,1,1,"BW"
,1553,"1554",1554,547.169677,1,1,"BW"
,1557,"1558",1558,175.552192,0,1,"WW"
,1559,"1560",1560,418.505062,0,1,"WW"
,1549,"1550",1550,97.744969,1,1,"BW"
,1543,"1544",1544,102.791133,1,0,"BB"
,1549,"1550",1550,127.416190,1,1,"BW"
,1552,"1553",1553,226.184445,1,1,"BW"
,1553,"1554",1554,391.759680,0,1,"WW"
,1556,"1557",1557,263.642926,0,1,"WW"
,1544,"1545",1545,222.797644,1,1,"BW"
,1550,"1551",1551,98.113677,0,1,"WW"
,1551,"1552",1552,187.140924,1,1,"BW"
,1552,"1553",1553,48.796825,0,1,"WW"
,1538,"1539",1539,1453.445340,1,0,"BB"
,1532,"1533",1533,838.221612,1,1,"BW"
,1532,"1533",1533,277.627361,1,0,"BB"
,1543,"1544",1544,195.389839,1,0,"BB"
,1544,"1545",1545,416.090481,1,1,"BW"
,1415,"1416",1416,1950.091094,1,1,"BW"
,1545,"1546",1546,1614.871232,0,1,"WW"
,1555,"1556",1556,1583.249367,0,1,"WW"
,1556,"1557",1557,1441.910285,0,1,"WW"
,1558,"1559",1559,1406.068882,0,1,"WW"
,1558,"1559",1559,1435.509731,0,1,"WW"
,1415,"1416",1416,3010.705921,1,0,"BB"
,1414,"1415",1415,3237.041667,1,1,"BW"
,1405,"1406",1406,70.914537,1,0,"BB"
,1405,"1406",1406,70.761228,1,1,"BW"
,1405,"1406",1406,118.524100,1,1,"BW"
,1411,"1412",1412,1885.238888,0,1,"WW"
,1411,"1412",1412,1933.076203,1,1,"BW"
,1414,"1415",1415,2675.145387,0,1,"WW"
,1406,"1407",1407,829.150719,1,1,"BW"
,1406,"1407",1407,817.761015,0,1,"WW"
,1441,"1442",1442,161.793300,0,1,"WW"
,936,"937",937,2724.646611,0,1,"WW"
,1437,"1438",1438,460.996129,0,1,"WW"
,1051,"1052",1052,390.442560,0,1,"WW"
,1412,"1413",1413,2225.233064,0,1,"WW"
,1412,"1413",1413,2039.622119,0,1,"WW"
,1413,"1414",1414,883.798239,0,1,"WW"
,1426,"1427",1427,483.671897,0,1,"WW"
,1437,"1438",1438,483.671897,0,1,"WW"
,1420,"1421",1421,1398.565505,1,1,"BW"
,1420,"1421",1421,2422.436285,1,1,"BW"
,1440,"1441",1441,593.548581,1,0,"BB"
,1439,"1440",1440,2619.478412,1,1,"BW"
,1439,"1440",1440,196.070438,1,0,"BB"
,1438,"1439",1439,2738.627374,1,1,"BW"
,1448,"1449",1449,613.925340,1,1,"BW"
,1446,"1447",1447,846.676704,0,1,"WW"
,1438,"1439",1439,1210.290461,1,1,"BW"
,1427,"1428",1428,3264.823522,0,1,"WW"
,1446,"1447",1447,655.876710,0,1,"WW"
,1443,"1444",1444,414.274042,0,1,"WW"
,1443,"1444",1444,223.639905,0,1,"WW"
,1443,"1444",1444,213.896493,0,1,"WW"
,1445,"1446",1446,166.846812,1,1,"BW"
,1444,"1445",1445,154.681515,1,1,"BW"
,1445,"1446",1446,154.681515,1,1,"BW"
,1444,"1445",1445,367.023112,1,1,"BW"
,1471,"1472",1472,153.301963,0,1,"WW"
,1475,"1476",1476,311.021706,0,1,"WW"
,1472,"1473",1473,184.599733,0,1,"WW"
,1469,"1470",1470,143.184800,1,1,"BW"
,1429,"1430",1430,168.945620,1,1,"BW"
,1472,"1473",1473,171.135264,0,1,"WW"
,1469,"1470",1470,99.061631,0,1,"WW"
,1469,"1470",1470,174.651054,1,1,"BW"
,1474,"1475",1475,92.316513,0,1,"WW"
,1473,"1474",1474,157.074609,0,1,"WW"
,1473,"1474",1474,163.796911,0,1,"WW"
,1470,"1471",1471,91.031326,0,1,"WW"
,1430,"1431",1431,226.889732,1,1,"BW"
,1430,"1431",1431,1398.578399,0,1,"WW"
,1429,"1430",1430,1289.641597,1,1,"BW"
,1429,"1430",1430,1407.024698,0,1,"WW"
,1427,"1428",1428,3984.868679,0,1,"WW"
,1426,"1427",1427,6634.260154,0,1,"WW"
,1050,"1051",1051,7067.534128,0,1,"WW"
,990,"991",991,2469.695027,0,1,"WW"
,991,"992",992,2469.695027,0,1,"WW"
,945,"946",946,317.131031,0,1,"WW"
,943,"944",944,721.263720,1,1,"BW"
,945,"946",946,836.813221,0,1,"WW"
,945,"946",946,1080.189362,0,1,"WW"
,990,"991",991,3443.792425,0,1,"WW"
,1050,"1051",1051,10118.291942,0,1,"WW"
,935,"936",936,10496.368405,0,1,"WW"
,947,"948",948,828.915007,0,1,"WW"
,948,"949",949,149.751215,0,1,"WW"
,1000,"1001",1001,149.751215,0,1,"WW"
,943,"944",944,892.357548,1,1,"BW"
,943,"944",944,1110.712297,0,1,"WW"
,947,"948",948,1110.712297,0,1,"WW"
,947,"948",948,809.591407,0,1,"WW"
,986,"987",987,816.612074,1,1,"BW"
,986,"987",987,233.404904,0,1,"WW"
,1001,"1002",1002,482.614214,0,1,"WW"
,997,"998",998,460.927118,0,1,"WW"
,954,"955",955,465.827952,0,1,"WW"
,997,"998",998,465.827952,0,1,"WW"
,997,"998",998,677.090593,0,1,"WW"
,999,"1000",1000,994.867141,0,1,"WW"
,998,"999",999,1119.816039,0,1,"WW"
,976,"977",977,145.324563,1,1,"BW"
,953,"954",954,245.991517,0,1,"WW"
,950,"951",951,329.133049,0,1,"WW"
,949,"950",950,193.242939,0,1,"WW"
,950,"951",951,187.032135,0,1,"WW"
,976,"977",977,132.850317,1,0,"BB"
,953,"954",954,197.717549,1,1,"BW"
,952,"953",953,133.694083,1,1,"BW"
,977,"978",978,75.200758,1,1,"BW"
,977,"978",978,91.988449,1,1,"BW"
,949,"950",950,132.546162,1,1,"BW"
,949,"950",950,68.661239,1,1,"BW"
,969,"970",970,134.549630,1,1,"BW"
,974,"975",975,83.237821,0,1,"WW"
,975,"976",976,208.727433,0,1,"WW"
,980,"981",981,204.732220,1,1,"BW"
,980,"981",981,145.106109,0,1,"WW"
,972,"973",973,117.640803,1,1,"BW"
,978,"979",979,137.629051,1,1,"BW"
,952,"953",953,139.866120,1,0,"BB"
,951,"952",952,232.438927,1,1,"BW"
,951,"952",952,327.974210,1,0,"BB"
,972,"973",973,145.463189,0,1,"WW"
,966,"967",967,171.074587,1,1,"BW"
,966,"967",967,135.051091,0,1,"WW"
,966,"967",967,296.332926,1,1,"BW"
,968,"969",969,571.581896,1,1,"BW"
,969,"970",970,571.581896,1,1,"BW"
,957,"958",958,659.513848,0,1,"WW"
,955,"956",956,112.860918,1,1,"BW"
,965,"966",966,402.357946,0,1,"WW"
,956,"957",957,338.154820,1,1,"BW"
,956,"957",957,514.326578,0,1,"WW"
,955,"956",956,333.728759,1,1,"BW"
,955,"956",956,429.243489,0,1,"WW"
,957,"958",958,853.743391,0,1,"WW"
,958,"959",959,1461.276740,0,1,"WW"
,958,"959",959,1962.846454,0,1,"WW"
,959,"960",960,1463.700788,0,1,"WW"
,959,"960",960,52.159272,0,1,"WW"
,1021,"1022",1022,37.156599,0,1,"WW"
,1021,"1022",1022,40.633243,0,1,"WW"
,1022,"1023",1023,40.633243,0,1,"WW"
,1024,"1025",1025,47.093966,0,1,"WW"
,1023,"1024",1024,32.160720,0,1,"WW"
,1023,"1024",1024,34.303036,0,1,"WW"
,1023,"1024",1024,60.346398,0,1,"WW"
,1015,"1016",1016,205.320905,0,1,"WW"
,1022,"1023",1023,231.682286,0,1,"WW"
,996,"997",997,247.173522,0,1,"WW"
,995,"996",996,2148.993607,0,1,"WW"
,995,"996",996,2331.763739,0,1,"WW"
,934,"935",935,3325.952156,0,1,"WW"
,1014,"1015",1015,202.623863,0,1,"WW"
,1015,"1016",1016,61.762197,0,1,"WW"
,1027,"1028",1028,192.740802,0,1,"WW"
,1026,"1027",1027,162.605241,0,1,"WW"
,1014,"1015",1015,145.157532,0,1,"WW"
,1014,"1015",1015,259.780157,0,1,"WW"
,1016,"1017",1017,55.398470,0,1,"WW"
,1016,"1017",1017,288.071944,0,1,"WW"
,1028,"1029",1029,285.015925,0,1,"WW"
,1028,"1029",1029,102.334680,0,1,"WW"
,1030,"1031",1031,55.200450,0,1,"WW"
,1031,"1032",1032,36.864624,0,1,"WW"
,1031,"1032",1032,62.693517,0,1,"WW"
,1034,"1035",1035,149.271558,0,1,"WW"
,1034,"1035",1035,186.200624,0,1,"WW"
,1035,"1036",1036,9.858495,0,1,"WW"
,1017,"1018",1018,193.079970,0,1,"WW"
,1017,"1018",1018,337.246798,0,1,"WW"
,1036,"1037",1037,156.366558,0,1,"WW"
,1036,"1037",1037,14.067121,0,1,"WW"
,1040,"1041",1041,17.368474,0,1,"WW"
,1040,"1041",1041,80.623203,0,1,"WW"
,1020,"1021",1021,73.356176,0,1,"WW"
,1019,"1020",1020,350.129922,0,1,"WW"
,1019,"1020",1020,144.622836,0,1,"WW"
,1018,"1019",1019,341.167976,0,1,"WW"
,766,"767",767,400.189405,0,1,"WW"
,1041,"1042",1042,66.082250,0,1,"WW"
,1041,"1042",1042,100.447695,0,1,"WW"
,1037,"1038",1038,204.272812,0,1,"WW"
,1037,"1038",1038,76.583084,0,1,"WW"
,1044,"1045",1045,11.711174,0,1,"WW"
,1012,"1013",1013,273.083838,0,1,"WW"
,1032,"1033",1033,240.850692,0,1,"WW"
,1038,"1039",1039,240.850692,0,1,"WW"
,1038,"1039",1039,51.687586,0,1,"WW"
,1042,"1043",1043,62.994999,0,1,"WW"
,1039,"1040",1040,154.856456,0,1,"WW"
,1013,"1014",1014,285.011050,0,1,"WW"
,1007,"1008",1008,503.205406,0,1,"WW"
,1012,"1013",1013,269.130992,0,1,"WW"
,1006,"1007",1007,512.448751,0,1,"WW"
,1007,"1008",1008,671.059368,0,1,"WW"
,1005,"1006",1006,192.762793,0,1,"WW"
,744,"745",745,76.758363,0,1,"WW"
,1005,"1006",1006,230.068409,0,1,"WW"
,765,"766",766,722.399715,0,1,"WW"
,744,"745",745,739.969524,0,1,"WW"
,741,"742",742,698.158393,0,1,"WW"
,740,"741",741,344.159214,1,1,"BW"
,741,"742",742,344.159214,1,1,"BW"
,741,"742",742,797.582980,1,1,"BW"
,742,"743",743,340.302150,1,1,"BW"
,742,"743",743,65.990937,1,0,"BB"
,740,"741",741,325.966739,1,1,"BW"
,740,"741",741,465.337494,1,0,"BB"
,749,"750",750,64.449246,1,1,"BW"
,749,"750",750,92.817617,1,1,"BW"
,754,"755",755,205.981623,0,1,"WW"
,755,"756",756,273.929655,0,1,"WW"
,755,"756",756,95.676201,0,1,"WW"
,730,"731",731,16.439327,1,1,"BW"
,729,"730",730,81.503917,1,1,"BW"
,728,"729",729,218.663503,1,1,"BW"
,750,"751",751,256.429912,1,1,"BW"
,747,"748",748,263.585519,1,0,"BB"
,721,"722",722,558.408718,1,0,"BB"
,706,"707",707,1641.875800,1,1,"BW"
,748,"749",749,1909.409200,0,1,"WW"
,765,"766",766,1960.216254,0,1,"WW"
,763,"764",764,2319.379712,0,1,"WW"
,762,"763",763,210.331239,1,1,"BW"
,730,"731",731,466.969066,0,1,"WW"
,729,"730",730,461.354719,1,1,"BW"
,728,"729",729,487.850440,0,1,"WW"
,725,"726",726,525.527647,1,1,"BW"
,761,"762",762,263.514661,1,1,"BW"
,764,"765",765,73.472562,1,0,"BB"
,719,"720",720,435.227063,1,1,"BW"
,724,"725",725,214.091932,0,1,"WW"
,723,"724",724,479.720579,1,1,"BW"
,722,"723",723,216.918782,0,1,"WW"
,931,"932",932,99.526282,1,1,"BW"
,933,"934",934,96.176207,1,1,"BW"
,718,"719",719,179.350925,0,1,"WW"
,719,"720",720,560.019211,1,1,"BW"
,705,"706",706,850.315332,1,1,"BW"
,762,"763",763,336.979245,1,1,"BW"
,762,"763",763,442.329876,0,1,"WW"
,763,"764",764,2745.685792,0,1,"WW"
,934,"935",935,6008.599038,0,1,"WW"
,935,"936",936,16270.620269,0,1,"WW"
,936,"937",937,16270.620269,0,1,"WW"
,936,"937",937,18885.709967,0,1,"WW"
,926,"927",927,128.259230,1,1,"BW"
,932,"933",933,212.121031,1,0,"BB"
,925,"926",926,193.632064,1,1,"BW"
,707,"708",708,445.574984,0,1,"WW"
,761,"762",762,190.301706,1,1,"BW"
,923,"924",924,227.884248,0,1,"WW"
,708,"709",709,97.726348,1,1,"BW"
,722,"723",723,224.656464,0,1,"WW"
,718,"719",719,211.011233,0,1,"WW"
,718,"719",719,258.448541,0,1,"WW"
,922,"923",923,136.972429,1,1,"BW"
,923,"924",924,206.101668,1,1,"BW"
,925,"926",926,228.135558,1,0,"BB"
,925,"926",926,419.381845,1,1,"BW"
,929,"930",930,114.367166,1,1,"BW"
,922,"923",923,104.663786,0,1,"WW"
,922,"923",923,57.048183,1,1,"BW"
,704,"705",705,924.440727,0,1,"WW"
,705,"706",706,1207.695748,1,1,"BW"
,706,"707",707,1045.518162,0,1,"WW"
,707,"708",708,696.427158,0,1,"WW"
,708,"709",709,619.752303,1,1,"BW"
,704,"705",705,317.898440,0,1,"WW"
,703,"704",704,722.254735,0,1,"WW"
,720,"721",721,163.182441,0,1,"WW"
,716,"717",717,309.922872,0,1,"WW"
,716,"717",717,345.750150,0,1,"WW"
,724,"725",725,559.434180,0,1,"WW"
,724,"725",725,415.254845,0,1,"WW"
,726,"727",727,233.891413,0,1,"WW"
,735,"736",736,138.035585,0,1,"WW"
,703,"704",704,330.277223,0,1,"WW"
,701,"702",702,453.593077,0,1,"WW"
,709,"710",710,506.960021,1,1,"BW"
,709,"710",710,304.372716,1,0,"BB"
,924,"925",925,356.939401,1,1,"BW"
,924,"925",925,402.705898,1,0,"BB"
,702,"703",703,491.062473,0,1,"WW"
,710,"711",711,61.372826,1,1,"BW"
,927,"928",928,463.118351,1,1,"BW"
,620,"621",621,868.394116,0,1,"WW"
,712,"713",713,543.428495,0,1,"WW"
,701,"702",702,237.111615,0,1,"WW"
,700,"701",701,474.881603,0,1,"WW"
,736,"737",737,300.195331,0,1,"WW"
,717,"718",718,421.655583,0,1,"WW"
,713,"714",714,668.189923,0,1,"WW"
,711,"712",712,996.499536,0,1,"WW"
,711,"712",712,1046.484888,0,1,"WW"
,700,"701",701,88.447216,0,1,"WW"
,700,"701",701,510.004182,0,1,"WW"
,627,"628",628,686.839425,0,1,"WW"
,738,"739",739,1036.128382,0,1,"WW"
,806,"807",807,139.942739,1,1,"BW"
,800,"801",801,297.202079,0,1,"WW"
,799,"800",800,27.646213,0,1,"WW"
,798,"799",799,320.272538,0,1,"WW"
,797,"798",798,70.708654,0,1,"WW"
,796,"797",797,384.639851,0,1,"WW"
,794,"795",795,72.095726,0,1,"WW"
,738,"739",739,450.888026,0,1,"WW"
,714,"715",715,1061.665502,0,1,"WW"
,714,"715",715,1625.389787,0,1,"WW"
,799,"800",800,41.425957,0,1,"WW"
,797,"798",798,33.635428,0,1,"WW"
,795,"796",796,78.534247,0,1,"WW"
,806,"807",807,167.926827,1,1,"BW"
,803,"804",804,248.331665,0,1,"WW"
,802,"803",803,156.487823,0,1,"WW"
,807,"808",808,130.567075,1,1,"BW"
,807,"808",808,175.819819,0,1,"WW"
,912,"913",913,139.638254,1,1,"BW"
,912,"913",913,12.341237,0,1,"WW"
,802,"803",803,82.030762,1,1,"BW"
,801,"802",802,104.239400,1,1,"BW"
,792,"793",793,102.186978,1,1,"BW"
,801,"802",802,102.186978,1,1,"BW"
,804,"805",805,37.930249,0,1,"WW"
,787,"788",788,53.318329,1,1,"BW"
,791,"792",792,139.968278,0,1,"WW"
,794,"795",795,100.605394,0,1,"WW"
,793,"794",794,84.499709,0,1,"WW"
,915,"916",916,87.299690,0,1,"WW"
,915,"916",916,94.735348,0,1,"WW"
,790,"791",791,66.038648,0,1,"WW"
,715,"716",716,141.911907,0,1,"WW"
,626,"627",627,1717.022532,0,1,"WW"
,919,"920",920,11.872410,0,1,"WW"
,919,"920",920,33.894055,0,1,"WW"
,918,"919",919,30.595089,0,1,"WW"
,808,"809",809,108.780711,0,1,"WW"
,805,"806",806,214.184406,0,1,"WW"
,788,"789",789,218.893015,0,1,"WW"
,789,"790",790,244.971559,1,1,"BW"
,791,"792",792,209.155026,0,1,"WW"
,790,"791",791,113.447423,0,1,"WW"
,630,"631",631,65.629437,0,1,"WW"
,785,"786",786,304.386745,0,1,"WW"
,787,"788",788,225.262451,0,1,"WW"
,786,"787",787,211.475325,1,1,"BW"
,783,"784",784,62.662664,0,1,"WW"
,786,"787",787,234.019730,1,1,"BW"
,784,"785",785,126.576696,0,1,"WW"
,779,"780",780,305.848841,0,1,"WW"
,782,"783",783,50.345939,0,1,"WW"
,780,"781",781,71.976391,0,1,"WW"
,782,"783",783,93.998106,0,1,"WW"
,783,"784",784,84.125771,0,1,"WW"
,781,"782",782,198.999839,0,1,"WW"
,775,"776",776,366.449202,0,1,"WW"
,778,"779",779,134.961222,0,1,"WW"
,774,"775",775,35.163931,0,1,"WW"
,778,"779",779,134.502582,0,1,"WW"
,780,"781",781,112.390966,0,1,"WW"
,628,"629",629,310.797539,0,1,"WW"
,775,"776",776,402.498518,0,1,"WW"
,774,"775",775,65.371735,0,1,"WW"
,767,"768",768,82.100911,0,1,"WW"
,767,"768",768,11.678746,0,1,"WW"
,767,"768",768,87.748388,0,1,"WW"
,771,"772",772,844.042595,0,1,"WW"
,907,"908",908,110.463733,0,1,"WW"
,836,"837",837,117.842134,0,1,"WW"
,907,"908",908,191.177820,0,1,"WW"
,838,"839",839,139.331293,0,1,"WW"
,771,"772",772,300.796509,0,1,"WW"
,770,"771",771,1071.911527,0,1,"WW"
,833,"834",834,178.940683,0,1,"WW"
,830,"831",831,93.950224,0,1,"WW"
,829,"830",830,123.998606,1,1,"BW"
,770,"771",771,129.440210,1,1,"BW"
,769,"770",770,1163.085480,1,1,"BW"
,629,"630",630,1235.342126,1,1,"BW"
,836,"837",837,283.842670,0,1,"WW"
,833,"834",834,179.180293,0,1,"WW"
,832,"833",833,66.531475,0,1,"WW"
,832,"833",833,111.067913,0,1,"WW"
,829,"830",830,74.960420,0,1,"WW"
,829,"830",830,102.262415,1,1,"BW"
,813,"814",814,168.649468,0,1,"WW"
,831,"832",832,61.926332,0,1,"WW"
,812,"813",813,113.706621,1,1,"BW"
,813,"814",814,242.205172,0,1,"WW"
,812,"813",813,81.737821,0,1,"WW"
,810,"811",811,178.107980,1,1,"BW"
,809,"810",810,19.923484,0,1,"WW"
,810,"811",811,193.766544,1,1,"BW"
,809,"810",810,70.131116,0,1,"WW"
,809,"810",810,50.668460,0,1,"WW"
,815,"816",816,241.552977,1,1,"BW"
,816,"817",817,88.393144,1,1,"BW"
,817,"818",818,325.389835,1,0,"BB"
,816,"817",817,91.277410,0,1,"WW"
,816,"817",817,23.898343,1,1,"BW"
,819,"820",820,117.263415,1,1,"BW"
,819,"820",820,109.387594,1,0,"BB"
,820,"821",821,5.155164,1,0,"BB"
,820,"821",821,114.483282,1,0,"BB"
,821,"822",822,429.172504,1,0,"BB"
,814,"815",815,493.728858,0,1,"WW"
,811,"812",812,409.634271,0,1,"WW"
,811,"812",812,384.622850,0,1,"WW"
,818,"819",819,346.385844,0,1,"WW"
,826,"827",827,118.562022,1,0,"BB"
,631,"632",632,536.608147,1,0,"BB"
,827,"828",828,114.511308,1,0,"BB"
,827,"828",828,35.453191,1,0,"BB"
,822,"823",823,242.947266,1,1,"BW"
,822,"823",823,230.237093,1,0,"BB"
,825,"826",826,230.807708,1,0,"BB"
,828,"829",829,234.891882,1,0,"BB"
,824,"825",825,209.106703,0,1,"WW"
,823,"824",824,256.284345,0,1,"WW"
,823,"824",824,24.124904,1,1,"BW"
,840,"841",841,303.879051,1,1,"BW"
,839,"840",840,103.030786,1,1,"BW"
,839,"840",840,99.996411,1,1,"BW"
,876,"877",877,47.654165,1,1,"BW"
,635,"636",636,134.838118,1,0,"BB"
,869,"870",870,54.350574,0,1,"WW"
,843,"844",844,10.019009,1,1,"BW"
,873,"874",874,191.230778,0,1,"WW"
,873,"874",874,45.494388,0,1,"WW"
,871,"872",872,177.190312,0,1,"WW"
,871,"872",872,283.259575,0,1,"WW"
,842,"843",843,173.486674,0,1,"WW"
,633,"634",634,183.174924,1,1,"BW"
,632,"633",633,423.063694,0,1,"WW"
,633,"634",634,555.098443,1,1,"BW"
,631,"632",632,670.698233,1,1,"BW"
,629,"630",630,1113.375736,1,1,"BW"
,628,"629",629,2111.444485,0,1,"WW"
,628,"629",629,2302.745864,0,1,"WW"
,626,"627",627,2344.835414,0,1,"WW"
,626,"627",627,3555.713585,0,1,"WW"
,618,"619",619,3954.228985,0,1,"WW"
,632,"633",633,12.950403,0,1,"WW"
,632,"633",633,421.103880,0,1,"WW"
,875,"876",876,144.729411,0,1,"WW"
,874,"875",875,135.555746,0,1,"WW"
,902,"903",903,15.287678,0,1,"WW"
,901,"902",902,40.527415,0,1,"WW"
,874,"875",875,40.309958,0,1,"WW"
,872,"873",873,149.590740,0,1,"WW"
,872,"873",873,350.659477,0,1,"WW"
,903,"904",904,170.848907,0,1,"WW"
,902,"903",903,77.263372,0,1,"WW"
,900,"901",901,71.732068,0,1,"WW"
,622,"623",623,40.633468,0,1,"WW"
,850,"851",851,498.432143,1,1,"BW"
,869,"870",870,257.164686,0,1,"WW"
,842,"843",843,216.812299,0,1,"WW"
,841,"842",842,74.155566,0,1,"WW"
,841,"842",842,63.881688,0,1,"WW"
,898,"899",899,93.124092,0,1,"WW"
,900,"901",901,126.409930,0,1,"WW"
,897,"898",898,155.346126,0,1,"WW"
,898,"899",899,105.254972,1,1,"BW"
,895,"896",896,13.302634,1,1,"BW"
,844,"845",845,212.269800,0,1,"WW"
,634,"635",635,222.383171,0,1,"WW"
,624,"625",625,327.840632,0,1,"WW"
,624,"625",625,306.864090,0,1,"WW"
,850,"851",851,571.619421,1,1,"BW"
,846,"847",847,145.463034,0,1,"WW"
,845,"846",846,49.503136,0,1,"WW"
,846,"847",847,177.567154,0,1,"WW"
,854,"855",855,172.283083,0,1,"WW"
,895,"896",896,101.479802,1,1,"BW"
,895,"896",896,110.578549,0,1,"WW"
,894,"895",895,226.648664,0,1,"WW"
,853,"854",854,196.191180,0,1,"WW"
,625,"626",626,87.667832,0,1,"WW"
,623,"624",624,323.605788,0,1,"WW"
,611,"612",612,327.298325,0,1,"WW"
,622,"623",623,234.408226,0,1,"WW"
,617,"618",618,272.199098,0,1,"WW"
,616,"617",617,52.373192,0,1,"WW"
,617,"618",618,321.383972,0,1,"WW"
,618,"619",619,4197.633734,0,1,"WW"
,620,"621",621,4878.122440,0,1,"WW"
,887,"888",888,107.979703,0,1,"WW"
,888,"889",889,119.607475,1,1,"BW"
,892,"893",893,197.203833,1,1,"BW"
,893,"894",894,309.145491,1,1,"BW"
,889,"890",890,30.347192,1,1,"BW"
,879,"880",880,323.566959,0,1,"WW"
,878,"879",879,568.884927,0,1,"WW"
,851,"852",852,579.894421,1,1,"BW"
,849,"850",850,608.433057,0,1,"WW"
,852,"853",853,136.347827,1,1,"BW"
,853,"854",854,148.329405,1,1,"BW"
,882,"883",883,151.190495,0,1,"WW"
,886,"887",887,74.315266,0,1,"WW"
,610,"611",611,129.402812,0,1,"WW"
,615,"616",616,103.634516,0,1,"WW"
,882,"883",883,171.368735,1,1,"BW"
,881,"882",882,51.276155,1,1,"BW"
,885,"886",886,67.808354,1,1,"BW"
,886,"887",887,71.939146,1,1,"BW"
,888,"889",889,121.459752,1,0,"BB"
,867,"868",868,144.208095,1,1,"BW"
,607,"608",608,22.315558,0,1,"WW"
,614,"615",615,117.133400,0,1,"WW"
,856,"857",857,88.937598,1,1,"BW"
,613,"614",614,169.707685,0,1,"WW"
,606,"607",607,12.965933,0,1,"WW"
,603,"604",604,128.270846,0,1,"WW"
,612,"613",613,189.310023,0,1,"WW"
,609,"610",610,223.713457,0,1,"WW"
,601,"602",602,46.047904,0,1,"WW"
,609,"610",610,255.341297,0,1,"WW"
,610,"611",611,237.728734,0,1,"WW"
,608,"609",609,141.164641,0,1,"WW"
,600,"601",601,18.781826,0,1,"WW"
,605,"606",606,125.928066,0,1,"WW"
,599,"600",600,35.406587,0,1,"WW"
,605,"606",606,99.480344,0,1,"WW"
,606,"607",607,96.209425,0,1,"WW"
,604,"605",605,93.067031,0,1,"WW"
,598,"599",599,50.158852,0,1,"WW"
,602,"603",603,65.358499,0,1,"WW"
,597,"598",598,57.399180,0,1,"WW"
,602,"603",603,92.316493,0,1,"WW"
,580,"581",581,217.754539,0,1,"WW"
,881,"882",882,128.766627,1,1,"BW"
,881,"882",882,165.389302,0,1,"WW"
,866,"867",867,203.704049,1,1,"BW"
,856,"857",857,196.534134,1,1,"BW"
,856,"857",857,170.697104,0,1,"WW"
,845,"846",846,330.245807,0,1,"WW"
,845,"846",846,297.558834,0,1,"WW"
,852,"853",853,209.405934,1,1,"BW"
,858,"859",859,31.221180,0,1,"WW"
,861,"862",862,20.516212,0,1,"WW"
,860,"861",861,11.620295,0,1,"WW"
,541,"542",542,59.400220,0,1,"WW"
,859,"860",860,50.259745,0,1,"WW"
,612,"613",613,157.650471,0,1,"WW"
,548,"549",549,288.675962,0,1,"WW"
,575,"576",576,94.734912,0,1,"WW"
,596,"597",597,197.800678,1,1,"BW"
,600,"601",601,179.286869,1,1,"BW"
,599,"600",600,172.614434,1,1,"BW"
,598,"599",599,166.557125,1,1,"BW"
,597,"598",598,157.792727,1,1,"BW"
,578,"579",579,143.201070,1,1,"BW"
,577,"578",578,78.013293,1,1,"BW"
,861,"862",862,116.748073,0,1,"WW"
,542,"543",543,127.569546,0,1,"WW"
,547,"548",548,202.085168,0,1,"WW"
,577,"578",578,5.804795,1,1,"BW"
,576,"577",577,80.713783,0,1,"WW"
,847,"848",848,437.146833,1,1,"BW"
,847,"848",848,153.507974,1,1,"BW"
,524,"525",525,49.680396,1,1,"BW"
,849,"850",850,545.046246,0,1,"WW"
,848,"849",849,459.279986,0,1,"WW"
,525,"526",526,32.924632,1,1,"BW"
,544,"545",545,151.637540,0,1,"WW"
,547,"548",548,314.418312,0,1,"WW"
,546,"547",547,286.096812,0,1,"WW"
,531,"532",532,115.974953,0,1,"WW"
,541,"542",542,156.731286,0,1,"WW"
,540,"541",541,150.596031,0,1,"WW"
,538,"539",539,59.266597,0,1,"WW"
,540,"541",541,147.585159,0,1,"WW"
,543,"544",544,67.446032,0,1,"WW"
,530,"531",531,18.825644,0,1,"WW"
,538,"539",539,63.414032,0,1,"WW"
,865,"866",866,758.469618,0,1,"WW"
,866,"867",867,646.559129,1,1,"BW"
,864,"865",865,570.449633,0,1,"WW"
,526,"527",527,77.523535,0,1,"WW"
,522,"523",523,102.068451,0,1,"WW"
,530,"531",531,64.977904,0,1,"WW"
,529,"530",530,55.919428,0,1,"WW"
,526,"527",527,75.906828,0,1,"WW"
,525,"526",526,97.647527,0,1,"WW"
,524,"525",525,100.121319,1,1,"BW"
,522,"523",523,103.290364,0,1,"WW"
,521,"522",522,62.658853,0,1,"WW"
,545,"546",546,42.593082,0,1,"WW"
,504,"505",505,285.283897,0,1,"WW"
,536,"537",537,79.145207,0,1,"WW"
,539,"540",540,41.956047,0,1,"WW"
,543,"544",544,76.788038,0,1,"WW"
,537,"538",538,69.267016,0,1,"WW"
,521,"522",522,53.558372,0,1,"WW"
,521,"522",522,44.556740,0,1,"WW"
,506,"507",507,140.563628,0,1,"WW"
,511,"512",512,170.819940,0,1,"WW"
,528,"529",529,32.185521,0,1,"WW"
,528,"529",529,55.574413,0,1,"WW"
,529,"530",530,81.377086,0,1,"WW"
,535,"536",536,93.692940,0,1,"WW"
,536,"537",537,39.778143,0,1,"WW"
,502,"503",503,92.844162,0,1,"WW"
,533,"534",534,27.295185,0,1,"WW"
,533,"534",534,90.327446,0,1,"WW"
,496,"497",497,97.076827,0,1,"WW"
,501,"502",502,120.134793,0,1,"WW"
,502,"503",503,85.706091,0,1,"WW"
,504,"505",505,287.163314,0,1,"WW"
,505,"506",506,240.033309,0,1,"WW"
,498,"499",499,123.110023,0,1,"WW"
,501,"502",502,42.593010,0,1,"WW"
,865,"866",866,828.022125,0,1,"WW"
,527,"528",528,133.715044,0,1,"WW"
,523,"524",524,130.702057,0,1,"WW"
,523,"524",524,123.648041,0,1,"WW"
,532,"533",533,135.350316,0,1,"WW"
,497,"498",498,143.085650,0,1,"WW"
,495,"496",496,197.354691,0,1,"WW"
,496,"497",497,131.399127,0,1,"WW"
,496,"497",497,145.703173,0,1,"WW"
,498,"499",499,167.836610,0,1,"WW"
,549,"550",550,85.697146,0,1,"WW"
,503,"504",504,215.611966,0,1,"WW"
,503,"504",504,225.276417,0,1,"WW"
,505,"506",506,178.296750,0,1,"WW"
,550,"551",551,17.004615,0,1,"WW"
,550,"551",551,100.551174,0,1,"WW"
,551,"552",552,171.087073,0,1,"WW"
,499,"500",500,120.524096,0,1,"WW"
,499,"500",500,104.897910,0,1,"WW"
,549,"550",550,48.332276,0,1,"WW"
,552,"553",553,57.066994,0,1,"WW"
,494,"495",495,102.116922,0,1,"WW"
,500,"501",501,35.354832,0,1,"WW"
,552,"553",553,87.954089,0,1,"WW"
,493,"494",494,90.613769,0,1,"WW"
,494,"495",495,42.352541,0,1,"WW"
,495,"496",496,249.854070,0,1,"WW"
,493,"494",494,87.204170,0,1,"WW"
,493,"494",494,48.227126,0,1,"WW"
,557,"558",558,163.913575,0,1,"WW"
,515,"516",516,72.893132,0,1,"WW"
,514,"515",515,78.633795,0,1,"WW"
,508,"509",509,102.160012,0,1,"WW"
,507,"508",508,88.068252,0,1,"WW"
,508,"509",509,175.654511,0,1,"WW"
,511,"512",512,284.980288,0,1,"WW"
,510,"511",511,428.170861,0,1,"WW"
,517,"518",518,50.909960,0,1,"WW"
,517,"518",518,48.549480,0,1,"WW"
,518,"519",519,83.387537,0,1,"WW"
,514,"515",515,56.029764,0,1,"WW"
,514,"515",515,71.972796,0,1,"WW"
,555,"556",556,46.582136,0,1,"WW"
,554,"555",555,122.976938,0,1,"WW"
,520,"521",521,312.884165,0,1,"WW"
,519,"520",520,84.797777,0,1,"WW"
,519,"520",520,62.284404,0,1,"WW"
,585,"586",586,42.613218,0,1,"WW"
,586,"587",587,31.309929,0,1,"WW"
,565,"566",566,25.088379,0,1,"WW"
,587,"588",588,36.414802,0,1,"WW"
,566,"567",567,18.949134,0,1,"WW"
,516,"517",517,73.769983,0,1,"WW"
,507,"508",508,119.078222,0,1,"WW"
,507,"508",508,160.932792,0,1,"WW"
,510,"511",511,119.403580,1,1,"BW"
,510,"511",511,543.456688,1,1,"BW"
,575,"576",576,633.366512,1,1,"BW"
,580,"581",581,844.280298,1,1,"BW"
,566,"567",567,158.353774,0,1,"WW"
,565,"566",566,154.162774,0,1,"WW"
,554,"555",555,149.096105,0,1,"WW"
,553,"554",554,212.529108,0,1,"WW"
,553,"554",554,214.074032,0,1,"WW"
,557,"558",558,204.450650,0,1,"WW"
,559,"560",560,183.239072,0,1,"WW"
,509,"510",510,130.412036,0,1,"WW"
,509,"510",510,130.955877,0,1,"WW"
,512,"513",513,49.470641,1,1,"BW"
,563,"564",564,61.880094,0,1,"WW"
,560,"561",561,170.210599,0,1,"WW"
,560,"561",561,137.325317,0,1,"WW"
,561,"562",562,88.308561,0,1,"WW"
,561,"562",562,123.571136,0,1,"WW"
,562,"563",563,191.997293,0,1,"WW"
,579,"580",580,113.709922,0,1,"WW"
,579,"580",580,121.674307,1,1,"BW"
,570,"571",571,196.236775,0,1,"WW"
,570,"571",571,120.674933,0,1,"WW"
,584,"585",585,37.021255,0,1,"WW"
,636,"637",637,27.605215,0,1,"WW"
,636,"637",637,34.965874,0,1,"WW"
,589,"590",590,460.050666,0,1,"WW"
,588,"589",589,271.840802,0,1,"WW"
,567,"568",568,260.331283,0,1,"WW"
,564,"565",565,369.832443,0,1,"WW"
,564,"565",565,403.941189,0,1,"WW"
,591,"592",592,495.950865,0,1,"WW"
,590,"591",591,129.846529,0,1,"WW"
,639,"640",640,58.999220,1,1,"BW"
,582,"583",583,78.357249,1,1,"BW"
,582,"583",583,195.287773,1,0,"BB"
,637,"638",638,73.770088,0,1,"WW"
,638,"639",639,61.289380,0,1,"WW"
,645,"646",646,71.012868,1,1,"BW"
,571,"572",572,224.079634,0,1,"WW"
,571,"572",572,75.673494,0,1,"WW"
,637,"638",638,2.655626,0,1,"WW"
,572,"573",573,274.017557,0,1,"WW"
,572,"573",573,104.996433,0,1,"WW"
,640,"641",641,8.292997,0,1,"WW"
,640,"641",641,106.991834,0,1,"WW"
,642,"643",643,57.500543,0,1,"WW"
,642,"643",643,118.256469,0,1,"WW"
,645,"646",646,119.482134,0,1,"WW"
,645,"646",646,138.501740,1,1,"BW"
,643,"644",644,173.164643,0,1,"WW"
,643,"644",644,132.134775,0,1,"WW"
,646,"647",647,251.040742,1,1,"BW"
,649,"650",650,87.375698,0,1,"WW"
,583,"584",584,312.508504,1,1,"BW"
,581,"582",582,506.169961,1,1,"BW"
,581,"582",582,1335.841722,0,1,"WW"
,663,"664",664,88.416816,1,1,"BW"
,662,"663",663,22.442719,1,1,"BW"
,590,"591",591,356.228506,0,1,"WW"
,590,"591",591,391.225523,0,1,"WW"
,666,"667",667,108.136164,0,1,"WW"
,662,"663",663,42.097028,1,1,"BW"
,662,"663",663,64.446981,0,1,"WW"
,595,"596",596,327.463069,0,1,"WW"
,569,"570",570,462.208299,0,1,"WW"
,568,"569",569,527.811494,0,1,"WW"
,568,"569",569,505.213307,0,1,"WW"
,574,"575",575,173.664592,0,1,"WW"
,573,"574",574,474.166563,0,1,"WW"
,573,"574",574,325.603924,0,1,"WW"
,641,"642",642,327.523773,0,1,"WW"
,644,"645",645,360.808475,0,1,"WW"
,650,"651",651,359.012616,1,1,"BW"
,650,"651",651,145.190151,1,1,"BW"
,664,"665",665,49.436687,1,1,"BW"
,657,"658",658,113.801458,1,1,"BW"
,653,"654",654,72.588330,0,1,"WW"
,652,"653",653,112.160522,0,1,"WW"
,652,"653",653,31.242680,0,1,"WW"
,652,"653",653,97.894651,0,1,"WW"
,667,"668",668,157.080487,0,1,"WW"
,668,"669",669,196.589334,0,1,"WW"
,671,"672",672,133.357309,0,1,"WW"
,672,"673",673,132.039058,0,1,"WW"
,675,"676",676,150.228109,0,1,"WW"
,675,"676",676,104.137174,0,1,"WW"
,674,"675",675,112.745988,0,1,"WW"
,674,"675",675,100.860795,0,1,"WW"
,671,"672",672,142.041903,0,1,"WW"
,671,"672",672,46.250445,0,1,"WW"
,682,"683",683,118.118993,0,1,"WW"
,677,"678",678,187.193171,0,1,"WW"
,654,"655",655,179.795326,0,1,"WW"
,654,"655",655,169.852048,0,1,"WW"
,683,"684",684,23.889561,0,1,"WW"
,683,"684",684,122.683539,0,1,"WW"
,655,"656",656,121.196021,0,1,"WW"
,651,"652",652,246.491936,0,1,"WW"
,651,"652",652,255.972219,1,1,"BW"
,667,"668",668,300.364640,0,1,"WW"
,667,"668",668,166.143983,0,1,"WW"
,673,"674",674,75.943514,0,1,"WW"
,687,"688",688,59.342671,0,1,"WW"
,679,"680",680,192.360651,1,1,"BW"
,678,"679",679,75.770952,1,1,"BW"
,659,"660",660,152.394211,1,1,"BW"
,656,"657",657,120.984112,0,1,"WW"
,657,"658",658,239.800437,1,1,"BW"
,456,"457",457,352.958785,0,1,"WW"
,688,"689",689,161.275308,0,1,"WW"
,684,"685",685,144.814439,0,1,"WW"
,684,"685",685,145.463068,0,1,"WW"
,680,"681",681,157.977928,0,1,"WW"
,680,"681",681,137.295709,1,1,"BW"
,686,"687",687,52.692581,0,1,"WW"
,685,"686",686,157.616652,0,1,"WW"
,685,"686",686,1.875404,0,1,"WW"
,659,"660",660,157.285991,1,1,"BW"
,656,"657",657,127.309377,0,1,"WW"
,405,"406",406,132.303909,0,1,"WW"
,691,"692",692,52.448869,0,1,"WW"
,681,"682",682,51.887642,0,1,"WW"
,660,"661",661,150.152339,1,1,"BW"
,660,"661",661,252.826554,0,1,"WW"
,697,"698",698,96.788138,0,1,"WW"
,698,"699",699,80.900076,0,1,"WW"
,694,"695",695,44.281212,0,1,"WW"
,689,"690",690,220.102632,0,1,"WW"
,689,"690",690,125.849244,0,1,"WW"
,696,"697",697,79.286855,0,1,"WW"
,693,"694",694,47.859533,0,1,"WW"
,661,"662",662,72.731442,0,1,"WW"
,406,"407",407,279.192317,0,1,"WW"
,695,"696",696,68.238439,0,1,"WW"
,693,"694",694,46.708742,0,1,"WW"
,692,"693",693,29.680243,0,1,"WW"
,408,"409",409,72.227423,0,1,"WW"
,692,"693",693,46.199176,0,1,"WW"
,407,"408",408,67.906876,0,1,"WW"
,408,"409",409,597.422991,0,1,"WW"
,407,"408",408,540.856493,0,1,"WW"
,406,"407",407,589.868713,0,1,"WW"
,403,"404",404,760.439336,0,1,"WW"
,401,"402",402,269.620000,0,1,"WW"
,403,"404",404,976.863818,0,1,"WW"
,404,"405",405,1079.067065,0,1,"WW"
,4,"5",5,274.954797,0,1,"WW"
,401,"402",402,5.530014,0,1,"WW"
,4,"5",5,1088.134566,0,1,"WW"
,4,"5",5,1035.295474,0,1,"WW"
,395,"396",396,426.293537,1,1,"BW"
,5,"6",6,555.993843,0,1,"WW"
,5,"6",6,728.995310,0,1,"WW"
,396,"397",397,469.035921,1,1,"BW"
,422,"423",423,38.755491,0,1,"WW"
,421,"422",422,47.803416,0,1,"WW"
,400,"401",401,64.123971,0,1,"WW"
,398,"399",399,435.900140,1,1,"BW"
,395,"396",396,611.348813,1,0,"BB"
,395,"396",396,860.188361,1,1,"BW"
,402,"403",403,864.497103,1,1,"BW"
,404,"405",405,1690.242011,1,1,"BW"
,398,"399",399,171.859127,1,1,"BW"
,397,"398",398,407.601663,1,0,"BB"
,3,"4",4,601.824644,0,1,"WW"
,7,"8",8,239.134824,0,1,"WW"
,421,"422",422,205.467816,0,1,"WW"
,412,"413",413,231.286895,0,1,"WW"
,410,"411",411,273.660177,1,1,"BW"
,108,"109",109,270.372331,0,1,"WW"
,410,"411",411,60.858940,1,1,"BW"
,411,"412",412,232.717906,0,1,"WW"
,397,"398",398,251.404169,1,1,"BW"
,397,"398",398,395.755915,1,1,"BW"
,399,"400",400,628.474133,1,1,"BW"
,109,"110",110,276.366641,0,1,"WW"
,413,"414",414,65.898529,0,1,"WW"
,419,"420",420,617.222327,1,1,"BW"
,2,"3",3,747.282232,0,1,"WW"
,3,"4",4,382.514512,0,1,"WW"
,108,"109",109,591.868267,0,1,"WW"
,59,"60",60,801.529829,0,1,"WW"
,106,"107",107,93.726052,0,1,"WW"
,0,"1",1,954.644670,0,1,"WW"
,0,"1",1,461.677729,0,1,"WW"
,0,"1",1,831.930658,0,1,"WW"
,2,"3",3,218.017844,0,1,"WW"
,105,"106",106,131.587182,0,1,"WW"
,104,"105",105,98.087907,0,1,"WW"
,105,"106",106,82.311640,0,1,"WW"
,62,"63",63,173.777821,0,1,"WW"
,12,"13",13,433.552345,0,1,"WW"
,13,"14",14,71.747882,0,1,"WW"
,61,"62",62,127.268957,0,1,"WW"
,60,"61",61,809.423135,0,1,"WW"
,418,"419",419,641.530646,1,1,"BW"
,414,"415",415,1187.639863,1,1,"BW"
,416,"417",417,2613.887017,0,1,"WW"
,453,"454",454,2854.726098,0,1,"WW"
,414,"415",415,1163.038101,1,1,"BW"
,414,"415",415,31.268566,0,1,"WW"
,454,"455",455,57.035107,0,1,"WW"
,452,"453",453,31.241759,0,1,"WW"
,415,"416",416,830.305514,1,1,"BW"
,415,"416",416,535.242537,0,1,"WW"
,449,"450",450,587.098547,0,1,"WW"
,53,"54",54,299.602321,0,1,"WW"
,417,"418",418,820.391038,1,1,"BW"
,52,"53",53,20.187251,0,1,"WW"
,448,"449",449,161.522575,0,1,"WW"
,452,"453",453,188.437487,0,1,"WW"
,451,"452",452,2972.995375,0,1,"WW"
,10,"11",11,280.997938,0,1,"WW"
,10,"11",11,5.792658,0,1,"WW"
,10,"11",11,285.096935,0,1,"WW"
,12,"13",13,342.360158,0,1,"WW"
,164,"165",165,812.613081,0,1,"WW"
,448,"449",449,251.042741,0,1,"WW"
,447,"448",448,106.825110,0,1,"WW"
,450,"451",451,433.330701,0,1,"WW"
,435,"436",436,3283.176968,0,1,"WW"
,445,"446",446,284.649449,0,1,"WW"
,447,"448",448,371.525915,0,1,"WW"
,446,"447",447,68.056239,0,1,"WW"
,27,"28",28,174.829317,0,1,"WW"
,17,"18",18,171.473675,0,1,"WW"
,17,"18",18,90.863887,0,1,"WW"
,17,"18",18,247.075772,0,1,"WW"
,19,"20",20,421.725004,0,1,"WW"
,444,"445",445,404.033284,0,1,"WW"
,445,"446",446,132.717140,0,1,"WW"
,434,"435",435,99.776686,0,1,"WW"
,433,"434",434,174.772003,0,1,"WW"
,434,"435",435,225.473439,0,1,"WW"
,435,"436",436,3470.258956,0,1,"WW"
,443,"444",444,477.973130,0,1,"WW"
,433,"434",434,78.142140,0,1,"WW"
,431,"432",432,127.792546,0,1,"WW"
,16,"17",17,385.490736,0,1,"WW"
,21,"22",22,531.068710,0,1,"WW"
,61,"62",62,520.338031,0,1,"WW"
,58,"59",59,654.745127,0,1,"WW"
,431,"432",432,183.778110,0,1,"WW"
,431,"432",432,111.887442,0,1,"WW"
,15,"16",16,243.194659,0,1,"WW"
,16,"17",17,191.006925,0,1,"WW"
,441,"442",442,179.158825,0,1,"WW"
,439,"440",440,113.964741,0,1,"WW"
,22,"23",23,71.931472,0,1,"WW"
,23,"24",24,174.505664,0,1,"WW"
,25,"26",26,165.474606,0,1,"WW"
,25,"26",26,143.995892,0,1,"WW"
,15,"16",16,260.231296,0,1,"WW"
,15,"16",16,203.797716,0,1,"WW"
,22,"23",23,226.168726,0,1,"WW"
,57,"58",58,345.759307,0,1,"WW"
,58,"59",59,866.536706,0,1,"WW"
,59,"60",60,1123.838976,0,1,"WW"
,56,"57",57,1324.433386,0,1,"WW"
,18,"19",19,322.769133,1,1,"BW"
,18,"19",19,289.031506,1,1,"BW"
,20,"21",21,104.076362,1,1,"BW"
,39,"40",40,320.240335,0,1,"WW"
,55,"56",56,49.358836,0,1,"WW"
,34,"35",35,129.966038,0,1,"WW"
,34,"35",35,244.721994,0,1,"WW"
,37,"38",38,120.276328,0,1,"WW"
,428,"429",429,743.805964,0,1,"WW"
,442,"443",443,290.178382,0,1,"WW"
,439,"440",440,112.916254,0,1,"WW"
,438,"439",439,195.987358,0,1,"WW"
,43,"44",44,118.644575,0,1,"WW"
,55,"56",56,110.603361,0,1,"WW"
,54,"55",55,1333.986059,0,1,"WW"
,30,"31",31,111.831429,1,1,"BW"
,30,"31",31,173.209800,0,1,"WW"
,37,"38",38,143.212482,0,1,"WW"
,37,"38",38,99.693012,0,1,"WW"
,42,"43",43,95.924622,0,1,"WW"
,32,"33",33,29.151452,0,1,"WW"
,32,"33",33,181.408719,0,1,"WW"
,427,"428",428,220.355931,0,1,"WW"
,438,"439",439,383.047824,0,1,"WW"
,40,"41",41,253.171519,0,1,"WW"
,42,"43",43,199.351831,0,1,"WW"
,45,"46",46,1332.602599,0,1,"WW"
,116,"117",117,69.362127,0,1,"WW"
,40,"41",41,269.654483,0,1,"WW"
,40,"41",41,27.650072,0,1,"WW"
,45,"46",46,1350.326776,0,1,"WW"
,52,"53",53,1533.745926,0,1,"WW"
,51,"52",52,1551.106298,0,1,"WW"
,425,"426",426,965.127006,0,1,"WW"
,427,"428",428,264.668196,0,1,"WW"
,427,"428",428,122.735510,0,1,"WW"
,429,"430",430,104.412930,0,1,"WW"
,33,"34",34,165.051858,1,1,"BW"
,24,"25",25,324.553648,1,1,"BW"
,24,"25",25,474.351916,1,1,"BW"
,26,"27",27,570.660314,1,1,"BW"
,424,"425",425,119.761716,0,1,"WW"
,115,"116",116,50.772081,0,1,"WW"
,63,"64",64,242.301933,1,1,"BW"
,63,"64",64,227.465702,1,1,"BW"
,64,"65",65,130.327822,1,0,"BB"
,114,"115",115,32.874738,0,1,"WW"
,163,"164",164,1008.227654,0,1,"WW"
,424,"425",425,52.066521,0,1,"WW"
,424,"425",425,114.166037,0,1,"WW"
,162,"163",163,124.981609,0,1,"WW"
,66,"67",67,127.068026,1,1,"BW"
,36,"37",37,44.279974,1,1,"BW"
,35,"36",36,595.724396,0,1,"WW"
,35,"36",36,660.017378,0,1,"WW"
,38,"39",39,731.013394,0,1,"WW"
,111,"112",112,83.486748,1,1,"BW"
,114,"115",115,114.628995,1,1,"BW"
,115,"116",116,162.499322,1,1,"BW"
,116,"117",117,229.384200,1,1,"BW"
,161,"162",162,1771.447728,0,1,"WW"
,163,"164",164,1095.177663,0,1,"WW"
,162,"163",163,95.753897,0,1,"WW"
,111,"112",112,135.515827,0,1,"WW"
,110,"111",111,165.987624,1,1,"BW"
,110,"111",111,153.919660,0,1,"WW"
,110,"111",111,103.791503,1,1,"BW"
,112,"113",113,46.923680,0,1,"WW"
,112,"113",113,143.791411,1,1,"BW"
,67,"68",68,276.392026,1,1,"BW"
,44,"45",45,227.627892,0,1,"WW"
,41,"42",42,812.987082,0,1,"WW"
,41,"42",42,928.785604,0,1,"WW"
,161,"162",162,1879.263796,0,1,"WW"
,160,"161",161,146.144203,0,1,"WW"
,160,"161",161,130.290605,0,1,"WW"
,123,"124",124,129.805423,0,1,"WW"
,119,"120",120,134.425532,0,1,"WW"
,123,"124",124,73.865008,0,1,"WW"
,68,"69",69,339.108890,1,0,"BB"
,68,"69",69,78.488717,1,1,"BW"
,71,"72",72,17.004051,1,1,"BW"
,71,"72",72,90.380067,0,1,"WW"
,119,"120",120,158.487391,0,1,"WW"
,118,"119",119,89.797260,0,1,"WW"
,121,"122",122,287.002290,0,1,"WW"
,120,"121",121,157.615355,0,1,"WW"
,74,"75",75,261.061504,0,1,"WW"
,46,"47",47,347.328706,0,1,"WW"
,46,"47",47,1014.106284,0,1,"WW"
,72,"73",73,262.719424,1,1,"BW"
,72,"73",73,251.041924,0,1,"WW"
,75,"76",76,117.715872,0,1,"WW"
,120,"121",121,99.081050,0,1,"WW"
,118,"119",119,225.556639,0,1,"WW"
,118,"119",119,306.379978,0,1,"WW"
,135,"136",136,151.035655,1,1,"BW"
,135,"136",136,64.506694,1,1,"BW"
,133,"134",134,81.584745,1,0,"BB"
,47,"48",48,251.357646,0,1,"WW"
,47,"48",48,1039.678788,0,1,"WW"
,125,"126",126,49.804966,1,1,"BW"
,77,"78",78,263.164991,0,1,"WW"
,77,"78",78,27.198287,0,1,"WW"
,125,"126",126,48.036810,0,1,"WW"
,125,"126",126,97.769842,1,1,"BW"
,128,"129",129,27.649868,0,1,"WW"
,50,"51",51,3004.798250,0,1,"WW"
,51,"52",52,2291.225338,0,1,"WW"
,165,"166",166,628.668986,0,1,"WW"
,137,"138",138,359.798544,0,1,"WW"
,133,"134",134,270.411421,1,1,"BW"
,132,"133",133,217.059507,1,1,"BW"
,126,"127",127,187.633918,0,1,"WW"
,126,"127",127,172.164126,0,1,"WW"
,129,"130",130,167.828787,0,1,"WW"
,139,"140",140,9.477682,0,1,"WW"
,138,"139",139,166.934386,0,1,"WW"
,76,"77",77,382.850425,0,1,"WW"
,76,"77",77,330.495922,0,1,"WW"
,78,"79",79,102.356650,0,1,"WW"
,138,"139",139,179.128519,0,1,"WW"
,128,"129",129,75.740451,0,1,"WW"
,128,"129",129,103.336531,0,1,"WW"
,49,"50",50,3026.979511,0,1,"WW"
,50,"51",51,90.652604,0,1,"WW"
,142,"143",143,81.584842,0,1,"WW"
,140,"141",141,182.242889,0,1,"WW"
,140,"141",141,182.092316,0,1,"WW"
,140,"141",141,33.232706,0,1,"WW"
,79,"80",80,445.853160,0,1,"WW"
,79,"80",80,135.970388,0,1,"WW"
,143,"144",144,188.203088,0,1,"WW"
,143,"144",144,42.359604,0,1,"WW"
,99,"100",100,26.313547,0,1,"WW"
,48,"49",49,336.736167,0,1,"WW"
,48,"49",49,1164.038703,0,1,"WW"
,49,"50",50,3286.060492,0,1,"WW"
,87,"88",88,312.915434,0,1,"WW"
,86,"87",87,274.585228,0,1,"WW"
,84,"85",85,307.957787,0,1,"WW"
,84,"85",85,319.804312,0,1,"WW"
,85,"86",86,31.273977,0,1,"WW"
,88,"89",89,29.512403,0,1,"WW"
,88,"89",89,4.153949,0,1,"WW"
,145,"146",146,198.533128,0,1,"WW"
,145,"146",146,31.410177,0,1,"WW"
,148,"149",149,23.889459,0,1,"WW"
,80,"81",81,540.075330,0,1,"WW"
,81,"82",82,182.764532,0,1,"WW"
,102,"103",103,159.314473,0,1,"WW"
,152,"153",153,219.032229,0,1,"WW"
,148,"149",149,92.383577,0,1,"WW"
,147,"148",148,71.117097,0,1,"WW"
,80,"81",81,606.803785,0,1,"WW"
,80,"81",81,96.674917,0,1,"WW"
,152,"153",153,286.472215,0,1,"WW"
,147,"148",148,82.949605,0,1,"WW"
,147,"148",148,148.424637,0,1,"WW"
,98,"99",99,320.233786,0,1,"WW"
,90,"91",91,326.353655,0,1,"WW"
,89,"90",90,185.916791,0,1,"WW"
,89,"90",90,196.116975,0,1,"WW"
,100,"101",101,83.220651,0,1,"WW"
,100,"101",101,110.737984,0,1,"WW"
,389,"390",390,168.249886,1,1,"BW"
,389,"390",390,209.268196,1,1,"BW"
,101,"102",102,201.876663,0,1,"WW"
,101,"102",102,261.745412,0,1,"WW"
,98,"99",99,288.547087,0,1,"WW"
,97,"98",98,228.776678,0,1,"WW"
,154,"155",155,378.146894,0,1,"WW"
,149,"150",150,101.436962,0,1,"WW"
,149,"150",150,247.679712,0,1,"WW"
,384,"385",385,369.383591,1,1,"BW"
,391,"392",392,207.615346,0,1,"WW"
,393,"394",394,61.794848,0,1,"WW"
,386,"387",387,91.280009,0,1,"WW"
,97,"98",98,111.248168,0,1,"WW"
,96,"97",97,247.610648,0,1,"WW"
,155,"156",156,503.970539,1,1,"BW"
,155,"156",156,148.872415,1,1,"BW"
,92,"93",93,3427.485650,0,1,"WW"
,92,"93",93,566.754036,0,1,"WW"
,156,"157",157,64.506742,1,1,"BW"
,156,"157",157,212.156847,0,1,"WW"
,384,"385",385,317.443347,1,0,"BB"
,384,"385",385,523.599909,1,1,"BW"
,381,"382",382,584.524204,1,1,"BW"
,157,"158",158,105.086275,1,1,"BW"
,157,"158",158,315.697809,1,1,"BW"
,94,"95",95,3520.374148,1,1,"BW"
,91,"92",92,3459.116002,1,1,"BW"
,91,"92",92,3458.125186,1,1,"BW"
,93,"94",94,189.907437,1,1,"BW"
,170,"171",171,84.907756,1,0,"BB"
,381,"382",382,1373.505892,1,1,"BW"
,371,"372",372,1635.353290,0,1,"WW"
,370,"371",371,79.389337,0,1,"WW"
,377,"378",378,107.198504,0,1,"WW"
,368,"369",369,49.975727,0,1,"WW"
,368,"369",369,300.809563,0,1,"WW"
,368,"369",369,285.582045,0,1,"WW"
,370,"371",371,354.900302,0,1,"WW"
,321,"322",322,1912.705779,0,1,"WW"
,320,"321",321,239.256751,0,1,"WW"
,322,"323",323,138.826828,0,1,"WW"
,372,"373",373,138.826828,0,1,"WW"
,372,"373",373,398.239467,0,1,"WW"
,323,"324",324,265.468101,0,1,"WW"
,374,"375",375,241.579315,0,1,"WW"
,302,"303",303,2836.754425,0,1,"WW"
,322,"323",323,2876.281123,0,1,"WW"
,320,"321",321,2952.415298,0,1,"WW"
,320,"321",321,3092.075883,0,1,"WW"
,96,"97",97,3757.538134,0,1,"WW"
,95,"96",96,3801.016583,0,1,"WW"
,95,"96",96,2653.994355,1,1,"BW"
,366,"367",367,24.677533,0,1,"WW"
,365,"366",366,253.915871,0,1,"WW"
,363,"364",364,76.773021,0,1,"WW"
,365,"366",366,57.722466,0,1,"WW"
,362,"363",363,310.796843,0,1,"WW"
,363,"364",364,199.783697,0,1,"WW"
,362,"363",363,124.059839,0,1,"WW"
,309,"310",310,433.420363,0,1,"WW"
,308,"309",309,252.382802,0,1,"WW"
,358,"359",359,252.382802,0,1,"WW"
,307,"308",308,2463.699299,1,1,"BW"
,308,"309",309,2558.022221,1,1,"BW"
,302,"303",303,2717.110441,1,1,"BW"
,301,"302",302,498.106952,1,1,"BW"
,300,"301",301,116.842015,1,0,"BB"
,301,"302",302,489.134666,1,1,"BW"
,311,"312",312,21.567934,1,0,"BB"
,314,"315",315,493.112482,1,1,"BW"
,298,"299",299,88.887849,1,0,"BB"
,300,"301",301,55.543533,1,0,"BB"
,298,"299",299,107.074939,1,1,"BW"
,298,"299",299,24.064952,1,1,"BW"
,310,"311",311,70.743546,1,1,"BW"
,311,"312",312,80.332667,1,1,"BW"
,307,"308",308,203.991730,0,1,"WW"
,306,"307",307,2398.162474,1,1,"BW"
,306,"307",307,66.788537,0,1,"WW"
,305,"306",306,2375.247262,1,1,"BW"
,356,"357",357,60.859213,0,1,"WW"
,355,"356",356,29.450078,0,1,"WW"
,312,"313",313,183.939881,1,1,"BW"
,312,"313",313,194.752239,1,0,"BB"
,315,"316",316,674.749451,1,1,"BW"
,354,"355",355,96.445126,0,1,"WW"
,352,"353",353,113.453003,0,1,"WW"
,358,"359",359,590.239942,0,1,"WW"
,357,"358",358,344.761478,0,1,"WW"
,356,"357",357,166.765102,0,1,"WW"
,354,"355",355,112.443319,0,1,"WW"
,351,"352",352,19.854691,0,1,"WW"
,350,"351",351,175.428019,0,1,"WW"
,351,"352",352,177.558795,0,1,"WW"
,349,"350",350,260.741854,0,1,"WW"
,350,"351",351,174.960503,0,1,"WW"
,348,"349",349,22.742471,0,1,"WW"
,346,"347",347,35.643623,0,1,"WW"
,348,"349",349,26.778447,0,1,"WW"
,347,"348",348,285.435155,0,1,"WW"
,344,"345",345,234.387990,0,1,"WW"
,346,"347",347,207.901239,0,1,"WW"
,343,"344",344,488.578924,0,1,"WW"
,344,"345",345,252.043250,0,1,"WW"
,342,"343",343,21.546859,0,1,"WW"
,341,"342",342,137.225104,0,1,"WW"
,342,"343",343,153.890706,0,1,"WW"
,305,"306",306,638.036362,0,1,"WW"
,304,"305",305,2464.214504,1,1,"BW"
,304,"305",305,66.676075,0,1,"WW"
,303,"304",304,2471.741798,1,1,"BW"
,231,"232",232,233.342172,0,1,"WW"
,340,"341",341,99.607123,0,1,"WW"
,339,"340",340,37.256205,0,1,"WW"
,230,"231",231,31.239850,0,1,"WW"
,303,"304",304,57.799561,0,1,"WW"
,299,"300",300,2484.897143,1,1,"BW"
,299,"300",300,2519.649495,0,1,"WW"
,227,"228",228,2590.293929,1,1,"BW"
,231,"232",232,448.026322,0,1,"WW"
,230,"231",231,230.358416,0,1,"WW"
,229,"230",230,217.006732,0,1,"WW"
,228,"229",229,138.522084,1,1,"BW"
,225,"226",226,311.610863,1,1,"BW"
,222,"223",223,216.755635,1,1,"BW"
,224,"225",225,83.948243,1,0,"BB"
,317,"318",318,1330.319340,1,1,"BW"
,221,"222",222,90.884316,1,1,"BW"
,224,"225",225,174.315855,1,1,"BW"
,225,"226",226,482.381621,0,1,"WW"
,226,"227",227,2736.583297,1,1,"BW"
,223,"224",224,2998.261093,0,1,"WW"
,226,"227",227,1366.805310,1,1,"BW"
,317,"318",318,45.177142,0,1,"WW"
,207,"208",208,351.910011,0,1,"WW"
,221,"222",222,159.196377,1,1,"BW"
,220,"221",221,97.691369,0,1,"WW"
,218,"219",219,66.204823,0,1,"WW"
,220,"221",221,68.463181,0,1,"WW"
,219,"220",220,3004.086412,0,1,"WW"
,212,"213",213,124.373504,0,1,"WW"
,218,"219",219,122.562069,0,1,"WW"
,209,"210",210,3041.318097,0,1,"WW"
,206,"207",207,220.203502,0,1,"WW"
,208,"209",209,112.077909,0,1,"WW"
,204,"205",205,146.806626,0,1,"WW"
,208,"209",209,257.941943,0,1,"WW"
,209,"210",210,3158.541697,0,1,"WW"
,203,"204",204,960.222774,1,1,"BW"
,206,"207",207,636.957026,1,1,"BW"
,204,"205",205,429.583553,1,1,"BW"
,204,"205",205,287.160425,1,1,"BW"
,199,"200",200,1080.016018,0,1,"WW"
,202,"203",203,139.313096,1,1,"BW"
,199,"200",200,1571.004173,0,1,"WW"
,198,"199",199,616.733658,0,1,"WW"
,195,"196",196,351.651035,0,1,"WW"
,198,"199",199,371.527352,0,1,"WW"
,189,"190",190,508.222165,1,1,"BW"
,195,"196",196,645.878330,0,1,"WW"
,183,"184",184,689.066171,0,1,"WW"
,210,"211",211,3536.305210,0,1,"WW"
,210,"211",211,2757.136515,0,1,"WW"
,327,"328",328,129.546013,0,1,"WW"
,327,"328",328,2753.314983,0,1,"WW"
,183,"184",184,1211.133605,0,1,"WW"
,182,"183",183,1743.294207,0,1,"WW"
,190,"191",191,3342.011383,1,1,"BW"
,205,"206",206,3342.011383,1,1,"BW"
,205,"206",206,3410.871726,0,1,"WW"
,211,"212",212,623.650372,0,1,"WW"
,180,"181",181,540.705764,0,1,"WW"
,182,"183",183,2097.986594,0,1,"WW"
,189,"190",190,2441.507675,1,1,"BW"
,190,"191",191,1928.190748,0,1,"WW"
,331,"332",332,554.941719,0,1,"WW"
,328,"329",329,444.662066,0,1,"WW"
,328,"329",329,443.502688,0,1,"WW"
,180,"181",181,455.560697,0,1,"WW"
,180,"181",181,273.376496,0,1,"WW"
,192,"193",193,744.094369,0,1,"WW"
,193,"194",194,1432.139093,0,1,"WW"
,192,"193",193,729.113096,0,1,"WW"
,192,"193",193,54.654786,0,1,"WW"
,178,"179",179,881.960386,0,1,"WW"
,242,"243",243,724.313108,0,1,"WW"
,191,"192",192,610.368817,0,1,"WW"
,194,"195",195,362.539824,0,1,"WW"
,186,"187",187,556.422649,0,1,"WW"
,186,"187",187,621.745818,0,1,"WW"
,191,"192",192,153.376766,0,1,"WW"
,336,"337",337,701.143988,0,1,"WW"
,336,"337",337,678.345214,0,1,"WW"
,248,"249",249,623.236520,0,1,"WW"
,238,"239",239,414.803559,0,1,"WW"
,238,"239",239,370.123308,0,1,"WW"
,215,"216",216,487.877647,0,1,"WW"
,335,"336",336,676.171088,0,1,"WW"
,247,"248",248,585.590952,0,1,"WW"
,297,"298",298,715.381602,1,1,"BW"
,246,"247",247,63.581260,1,1,"BW"
,176,"177",177,840.312621,0,1,"WW"
,178,"179",179,884.875132,0,1,"WW"
,213,"214",214,615.853572,1,1,"BW"
,215,"216",216,808.888935,1,1,"BW"
,176,"177",177,821.168532,1,1,"BW"
,176,"177",177,79.606454,1,1,"BW"
,244,"245",245,338.996347,1,1,"BW"
,246,"247",247,339.863853,0,1,"WW"
,247,"248",248,640.764964,0,1,"WW"
,248,"249",249,1226.480425,0,1,"WW"
,213,"214",214,461.526677,0,1,"WW"
,213,"214",214,261.057864,1,1,"BW"
,233,"234",234,442.869397,1,1,"BW"
,233,"234",234,42.600074,1,1,"BW"
,177,"178",178,261.517292,1,1,"BW"
,177,"178",178,199.054318,0,1,"WW"
,179,"180",180,907.268846,0,1,"WW"
,252,"253",253,749.603538,1,1,"BW"
,234,"235",235,742.577797,1,1,"BW"
,214,"215",215,728.798614,0,1,"WW"
,214,"215",215,716.973796,1,1,"BW"
,217,"218",218,629.012291,0,1,"WW"
,244,"245",245,1204.511496,1,1,"BW"
,243,"244",244,1412.772343,0,1,"WW"
,236,"237",237,2220.285332,1,1,"BW"
,236,"237",237,1579.141852,0,1,"WW"
,250,"251",251,994.405616,0,1,"WW"
,250,"251",251,2078.070618,0,1,"WW"
,251,"252",252,293.546491,0,1,"WW"
,243,"244",244,2214.818198,0,1,"WW"
,243,"244",244,2693.951527,0,1,"WW"
,259,"260",260,530.912352,0,1,"WW"
,267,"268",268,911.078709,0,1,"WW"
,259,"260",260,628.825846,0,1,"WW"
,253,"254",254,99.832143,0,1,"WW"
,255,"256",256,812.992302,0,1,"WW"
,269,"270",270,357.228961,0,1,"WW"
,270,"271",271,513.650757,0,1,"WW"
,253,"254",254,295.566632,0,1,"WW"
,253,"254",254,366.661730,0,1,"WW"
,255,"256",256,628.042019,0,1,"WW"
,271,"272",272,447.219737,0,1,"WW"
,271,"272",272,475.613867,0,1,"WW"
,256,"257",257,770.552402,0,1,"WW"
,256,"257",257,256.454098,0,1,"WW"
,272,"273",273,271.930599,0,1,"WW"
,257,"258",258,1053.766594,0,1,"WW"
,258,"259",259,895.141187,0,1,"WW"
,291,"292",292,1052.093946,0,1,"WW"
,275,"276",276,1365.389131,1,1,"BW"
,289,"290",290,1803.334540,1,1,"BW"
,289,"290",290,2264.251708,1,1,"BW"
,254,"255",255,2406.887046,0,1,"WW"
,254,"255",255,2148.025272,0,1,"WW"
,257,"258",258,1190.889128,0,1,"WW"
,273,"274",274,1275.135678,1,1,"BW"
,284,"285",285,752.357377,1,1,"BW"
,273,"274",274,699.948277,0,1,"WW"
,273,"274",274,1020.207126,1,1,"BW"
,284,"285",285,614.165069,0,1,"WW"
,292,"293",293,65.903647,0,1,"WW"
,292,"293",293,803.830953,1,1,"BW"
,285,"286",286,643.523478,0,1,"WW"
,285,"286",286,345.714321,0,1,"WW"
,296,"297",297,303.037814,0,1,"WW"
,286,"287",287,1739.949563,1,1,"BW"
,287,"288",288,1203.968235,1,1,"BW"
,469,"470",470,1457.458420,1,1,"BW"
,470,"471",471,1457.458420,1,1,"BW"
,468,"469",469,681.492080,1,1,"BW"
,293,"294",294,2020.175716,0,1,"WW"
,293,"294",294,2767.053600,1,1,"BW"
,467,"468",468,718.540682,1,1,"BW"
,468,"469",469,718.540682,1,1,"BW"
,468,"469",469,88.140503,0,1,"WW"
,286,"287",287,2537.887482,0,1,"WW"
,286,"287",287,901.619500,1,1,"BW"
,467,"468",468,672.962219,0,1,"WW"
,472,"473",473,602.722363,1,1,"BW"
,473,"474",474,529.740446,1,1,"BW"
,487,"488",488,612.682559,1,1,"BW"
,471,"472",472,654.380984,0,1,"WW"
,472,"473",473,908.662237,1,1,"BW"
,274,"275",275,3757.327549,0,1,"WW"
,274,"275",275,3196.552258,0,1,"WW"
,288,"289",289,793.839467,0,1,"WW"
,471,"472",472,144.686145,0,1,"WW"
,474,"475",475,1059.902497,1,1,"BW"
,474,"475",475,1049.858999,1,1,"BW"
,475,"476",476,1066.169036,1,0,"BB"
,487,"488",488,1677.218802,1,1,"BW"
,476,"477",477,1329.594546,0,1,"WW"
,458,"459",459,1356.612315,1,1,"BW"
,477,"478",478,1356.612315,1,1,"BW"
,476,"477",477,1384.800045,1,1,"BW"
,457,"458",458,120.212676,1,1,"BW"
,478,"479",479,1524.557718,1,1,"BW"
,478,"479",479,329.984757,1,0,"BB"
,480,"481",481,319.479540,1,1,"BW"
,459,"460",460,332.166192,1,1,"BW"
,459,"460",460,206.054641,1,1,"BW"
,457,"458",458,468.877025,1,0,"BB"
,457,"458",458,522.946321,1,1,"BW"
,458,"459",459,1794.592761,1,0,"BB"
,482,"483",483,3656.520725,1,1,"BW"
,482,"483",483,3848.950098,1,0,"BB"
,482,"483",483,257.338329,1,1,"BW"
,1341,"1342",1342,257.338329,1,1,"BW"
,1334,"1335",1335,1098.043641,1,1,"BW"
,1333,"1334",1334,169.494229,0,1,"WW"
,1332,"1333",1333,934.478426,1,1,"BW"
,1388,"1389",1389,321.371532,0,1,"WW"
,1333,"1334",1334,373.957274,0,1,"WW"
,1332,"1333",1333,221.494831,0,1,"WW"
,1332,"1333",1333,812.706560,1,1,"BW"
,1348,"1349",1349,2350.901901,0,1,"WW"
,1346,"1347",1347,562.570237,0,1,"WW"
,1364,"1365",1365,395.068390,0,1,"WW"
,1362,"1363",1363,444.966796,1,1,"BW"
,1363,"1364",1364,444.966796,1,1,"BW"
,1258,"1259",1259,35.162618,0,1,"WW"
,1267,"1268",1268,21.510564,0,1,"WW"
,1267,"1268",1268,33.100833,0,1,"WW"
,1258,"1259",1259,35.764334,0,1,"WW"
,1258,"1259",1259,55.428643,0,1,"WW"
,1269,"1270",1270,342.760018,0,1,"WW"
,1268,"1269",1269,405.892720,0,1,"WW"
,1268,"1269",1269,418.980155,0,1,"WW"
,1269,"1270",1270,513.574607,0,1,"WW"
,1273,"1274",1274,471.549220,0,1,"WW"
,1273,"1274",1274,366.040836,0,1,"WW"
,1284,"1285",1285,366.040836,0,1,"WW"
,1135,"1136",1136,809.313204,0,1,"WW"
,1136,"1137",1137,809.313204,0,1,"WW"
,1179,"1180",1180,177.665529,0,1,"WW"
,1175,"1176",1176,103.417193,0,1,"WW"
,1178,"1179",1179,201.230020,0,1,"WW"
,1131,"1132",1132,463.993775,0,1,"WW"
,1174,"1175",1175,255.296174,0,1,"WW"
,1135,"1136",1136,435.968006,0,1,"WW"
,1134,"1135",1135,754.090283,0,1,"WW"
,1134,"1135",1135,122.491189,0,1,"WW"
,1133,"1134",1134,706.594317,0,1,"WW"
,1133,"1134",1134,434.092522,0,1,"WW"
,1131,"1132",1132,532.257837,0,1,"WW"
,1131,"1132",1132,182.571038,0,1,"WW"
,1144,"1145",1145,441.692520,0,1,"WW"
,1142,"1143",1143,79.384424,0,1,"WW"
,1142,"1143",1143,230.469047,0,1,"WW"
,1175,"1176",1176,594.348725,0,1,"WW"
,1174,"1175",1175,537.576502,0,1,"WW"
,1173,"1174",1174,356.205907,0,1,"WW"
,1153,"1154",1154,353.439043,0,1,"WW"
,1149,"1150",1150,286.805737,0,1,"WW"
,1147,"1148",1148,314.353934,0,1,"WW"
,1145,"1146",1146,397.981355,0,1,"WW"
,1149,"1150",1150,318.145002,0,1,"WW"
,1145,"1146",1146,56.006497,0,1,"WW"
,1145,"1146",1146,404.809013,0,1,"WW"
,1143,"1144",1144,659.628909,0,1,"WW"
,1132,"1133",1133,624.714040,0,1,"WW"
,1132,"1133",1133,1057.269328,0,1,"WW"
,1146,"1147",1147,650.254603,0,1,"WW"
,1146,"1147",1147,582.651407,0,1,"WW"
,1148,"1149",1149,362.654091,0,1,"WW"
,1150,"1151",1151,324.705553,0,1,"WW"
,1150,"1151",1151,380.096952,0,1,"WW"
,1209,"1210",1210,238.315309,0,1,"WW"
,1194,"1195",1195,397.681461,0,1,"WW"
,1305,"1306",1306,570.422409,0,1,"WW"
,1312,"1313",1313,339.301221,1,1,"BW"
,1151,"1152",1152,775.452861,0,1,"WW"
,1151,"1152",1152,873.150088,0,1,"WW"
,1152,"1153",1153,676.276943,0,1,"WW"
,1208,"1209",1209,655.387708,0,1,"WW"
,1154,"1155",1155,687.810974,0,1,"WW"
,1157,"1158",1158,293.193921,0,1,"WW"
,1154,"1155",1155,717.112621,0,1,"WW"
,1154,"1155",1155,398.300876,0,1,"WW"
,1137,"1138",1138,1877.280052,0,1,"WW"
,1191,"1192",1192,1877.280052,0,1,"WW"
,1137,"1138",1138,2843.163624,0,1,"WW"
,1193,"1194",1194,1490.800094,0,1,"WW"
,1191,"1192",1192,1567.489315,0,1,"WW"
,1190,"1191",1191,393.902484,0,1,"WW"
,1206,"1207",1207,693.317569,0,1,"WW"
,1193,"1194",1194,638.864831,0,1,"WW"
,1192,"1193",1193,1218.032556,0,1,"WW"
,1189,"1190",1190,244.019500,0,1,"WW"
,1081,"1082",1082,165.661165,0,1,"WW"
,1190,"1191",1191,165.661165,0,1,"WW"
,1092,"1093",1093,169.403098,0,1,"WW"
,1080,"1081",1081,97.191527,0,1,"WW"
,1159,"1160",1160,181.118681,0,1,"WW"
,1098,"1099",1099,423.385244,0,1,"WW"
,1100,"1101",1101,1013.605875,0,1,"WW"
,1206,"1207",1207,788.716949,0,1,"WW"
,1192,"1193",1193,204.745213,0,1,"WW"
,1093,"1094",1094,1229.655758,0,1,"WW"
,1097,"1098",1098,701.283476,0,1,"WW"
,1091,"1092",1092,834.137251,0,1,"WW"
,1092,"1093",1093,1208.543034,0,1,"WW"
,1089,"1090",1090,1256.708172,0,1,"WW"
,1091,"1092",1092,794.373174,0,1,"WW"
,1090,"1091",1091,368.725049,0,1,"WW"
,1097,"1098",1098,1679.177419,0,1,"WW"
,1097,"1098",1098,1624.705966,0,1,"WW"
,1098,"1099",1099,1521.534259,0,1,"WW"
,1096,"1097",1097,825.932055,0,1,"WW"
,1094,"1095",1095,73.201991,0,1,"WW"
,1087,"1088",1088,136.921833,0,1,"WW"
,1083,"1084",1084,1295.897944,0,1,"WW"
,1094,"1095",1095,185.813347,0,1,"WW"
,1090,"1091",1091,171.424656,0,1,"WW"
,1088,"1089",1089,362.128473,0,1,"WW"
,1086,"1087",1087,104.376594,0,1,"WW"
,1087,"1088",1088,333.025874,0,1,"WW"
,1085,"1086",1086,296.485304,0,1,"WW"
,1057,"1058",1058,389.276938,1,1,"BW"
,1085,"1086",1086,298.620016,1,1,"BW"
,1084,"1085",1085,429.483416,1,1,"BW"
,1082,"1083",1083,668.193524,0,1,"WW"
,1076,"1077",1077,1536.291497,0,1,"WW"
,1075,"1076",1076,244.257047,1,1,"BW"
,1082,"1083",1083,531.104271,0,1,"WW"
,1074,"1075",1075,318.069102,0,1,"WW"
,1072,"1073",1073,311.024265,0,1,"WW"
,1076,"1077",1077,1634.843991,0,1,"WW"
,1080,"1081",1081,1682.111209,0,1,"WW"
,1078,"1079",1079,1773.682665,0,1,"WW"
,1071,"1072",1072,337.622450,0,1,"WW"
,1072,"1073",1073,302.446485,0,1,"WW"
,1072,"1073",1073,406.755282,0,1,"WW"
,1056,"1057",1057,451.239025,1,1,"BW"
,1071,"1072",1072,371.599429,0,1,"WW"
,1054,"1055",1055,354.943942,0,1,"WW"
,1057,"1058",1058,1103.602141,0,1,"WW"
,1056,"1057",1057,786.137603,1,1,"BW"
,1054,"1055",1055,368.234295,0,1,"WW"
,1054,"1055",1055,641.189602,0,1,"WW"
,1052,"1053",1053,671.019506,0,1,"WW"
,1053,"1054",1054,671.019506,0,1,"WW"
,1052,"1053",1053,650.738378,0,1,"WW"
,1052,"1053",1053,586.464273,0,1,"WW"
,1060,"1061",1061,300.844354,0,1,"WW"
,1118,"1119",1119,102.633261,0,1,"WW"
,1120,"1121",1121,102.633261,0,1,"WW"
,1118,"1119",1119,367.825688,0,1,"WW"
,1059,"1060",1060,459.561020,0,1,"WW"
,1055,"1056",1056,892.046107,0,1,"WW"
,1055,"1056",1056,1088.259704,0,1,"WW"
,1073,"1074",1074,1246.651158,0,1,"WW"
,1079,"1080",1080,430.802694,0,1,"WW"
,1077,"1078",1078,1408.005853,0,1,"WW"
,1119,"1120",1120,553.341393,0,1,"WW"
,1117,"1118",1118,551.237511,0,1,"WW"
,1115,"1116",1116,693.810340,0,1,"WW"
,1060,"1061",1061,986.734535,0,1,"WW"
,1060,"1061",1061,905.423785,0,1,"WW"
,1062,"1063",1063,647.033761,0,1,"WW"
,1120,"1121",1121,612.412733,0,1,"WW"
,1121,"1122",1122,350.628281,0,1,"WW"
,1104,"1105",1105,846.699534,0,1,"WW"
,1077,"1078",1078,442.201349,0,1,"WW"
,1115,"1116",1116,442.201349,0,1,"WW"
,1077,"1078",1078,1816.008669,0,1,"WW"
,1078,"1079",1079,3517.948979,0,1,"WW"
,1104,"1105",1105,1471.454604,0,1,"WW"
,1104,"1105",1105,1364.275095,0,1,"WW"
,1211,"1212",1212,462.849406,1,1,"BW"
,1212,"1213",1213,462.849406,1,1,"BW"
,1220,"1221",1221,3515.953353,0,1,"WW"
,1218,"1219",1219,811.174737,0,1,"WW"
,1219,"1220",1220,811.174737,0,1,"WW"
,1235,"1236",1236,381.694128,0,1,"WW"
,1236,"1237",1237,381.694128,0,1,"WW"
